{"stats":{"minecraft:mined":{"minecraft:grass":4,"minecraft:grass_block":5},"minecraft:custom":{"minecraft:jump":83,"minecraft:time_since_rest":2526,"minecraft:leave_game":1,"minecraft:crouch_one_cm":756,"minecraft:sprint_one_cm":7714,"minecraft:play_time":2526,"minecraft:time_since_death":2526,"minecraft:walk_one_cm":8730,"minecraft:sneak_time":182,"minecraft:total_world_time":2526,"minecraft:fall_one_cm":2357,"minecraft:fly_one_cm":10069},"minecraft:used":{"minecraft:dirt":5},"minecraft:picked_up":{"minecraft:dirt":5}},"DataVersion":2975}